{
    "name": "Typed Text",
    "version": "1.2.2",
    "title": "Typed Text Plug-In",
    "description": "A jQuery plugin that animates text in an element to make it seem as if it is being typed.",
    "author":{
        "name": "Norberto Hernandez",
        "url": "https://github.com/Droid047"
    },
    "maintainers": [
        {
            "name": "Norberto Hernandez",
            "url": "https://github.com/Droid047"
        }
    ],
    "licenses": [
      {
        "type": "MIT",
        "url": "http://www.opensource.org/licenses/mit-license.php"
      }
    ],
    "dependencies": {
        "jquery": ">=1.4"
    },
    "bugs": "url": "https://github.com/Droid047/jquery-typedText/issues",
    "homepage": "https://github.com/Droid047/jquery-typedText/",
    "docs": "https://github.com/Droid047/jquery-typedText/#readme",
    "download": "https://github.com/Droid047/jquery-typedText/archive/1.0.0.zip",
    "keywords": [
        "TypedText",
        "jquery",
        "plugin",
        "jquery-plugin"
        "typed",
        "text",
        "ui",
        "user-interface",
        "user",
        "interface"
    ],
}